全国地方公共団体コード,ID,地方公共団体名,名称,名称_カナ,名称_英字,所在地_全国地方公共団体コード,町字ID,所在地_連結表記,所在地_都道府県,所在地_市区町村,所在地_町字,所在地_番地以下,建物名等(方書),緯度,経度,高度の種別,高度の値,設置位置,電話番号,内線番号,連絡先メールアドレス,連絡先FormURL,連絡先備考（その他、SNSなど）,郵便番号,法人番号,団体名,利用可能曜日,開始時間,終了時間,利用可能日時特記事項,小児対応設備の有無,URL,画像1,画像1_ライセンス,画像2,画像2_ライセンス,外部利用不可,備考
352039,FF2099000001,山口県山口市,中央消防署,チュウオウショウボウショ,,352039,73000,山口県山口市亀山町2-1,山口県,山口市,亀山町,2ｰ1,,34.178517,131.473805,,,１階救急隊事務室,(083)933-0119,,,,,,,,月火水木金土日,8:30,8:30,休日なし　24時間対応,有,,,,,,,
352039,FF2099000002,山口県山口市,中央消防署大内出張所,チュウオウショウボウショオオウチシュッチョウショ,,352039,34000,山口県山口市大内長野606,山口県,山口市,大内長野,606,,34.15635,131.51797,,,１階事務室,(083)941-0119,,,,,,,,月火水木金土日,8:30,8:30,休日なし　24時間対応,有,,,,,,,
352039,FF2099000003,山口県山口市,中央消防署徳地出張所,チュウオウショウボウショトクヂシュッチョウショ,,352039,120000,山口県山口市徳地堀2304-1,山口県,山口市,徳地堀,2304ｰ1,,34.199227,131.665431,,,１階事務室,(0835)53-0119,,,,,,,,月火水木金土日,8:30,8:30,休日なし　24時間対応,有,,,,,,,
352039,FF2099000004,山口県山口市,阿東消防署,アトウショウボウショ,,352039,22000,山口県山口市阿東徳佐中3170-3,山口県,山口市,阿東徳佐中,3170ｰ3,,34.393551,131.719436,,,１階事務室,(083)957-0119,,,,,,,,月火水木金土日,8:30,8:30,休日なし　24時間対応,有,,,,,,,
352039,FF2099000005,山口県山口市,南消防署,ミナミショウボウショ,,352039,59000,山口県山口市小郡前田町1-16,山口県,山口市,小郡前田町,1ｰ16,,34.084929,131.396681,,,１階事務室,(083)974-0119,,,,,,,,月火水木金土日,8:30,8:30,休日なし　24時間対応,有,,,,,,,
352039,FF2099000006,山口県山口市,南消防署阿知須出張所,ミナミショウボウショアジスシュッチョウショ,,352039,10000,山口県山口市阿知須943-2,山口県,山口市,阿知須,943ｰ2,,34.024196,131.354277,,,１階事務室,(0836)66-0119,,,,,,,,月火水木金土日,8:30,8:30,休日なし　24時間対応,有,,,,,,,
352039,FF2099000007,山口県山口市,南消防署秋穂出張所,ミナミショウボウショアイオシュッチョウショ,,352039,2000,山口県山口市秋穂東6898-2,山口県,山口市,秋穂東,6898ｰ2,,34.020972,131.432404,,,１階事務室,(083)984-0119,,,,,,,,月火水木金土日,8:30,8:30,休日なし　24時間対応,有,,,,,,,
352039,FF2099000008,山口県山口市,山口市歴史民俗資料館,ヤマグチシレキシミンゾクシリョウカン,,352039,68000,山口県山口市春日町5-1,山口県,山口市,春日町,5ｰ1,,34.182805,131.47024,,,１階玄関側展示室入口,(083)924-7001,,,,,,,,火水木金土日,9:00,17:00,月曜日（祝日の場合は火曜日以降の平日）、年末年始は休館のため利用不可,有,https://yrekimin.jp/,,,,,,
352039,FF2099000009,山口県山口市,鋳銭司郷土館,スゼンジキョウドカン,,352039,96000,山口県山口市鋳銭司11422,山口県,山口市,鋳銭司,11422,,34.08271,131.46211,,,１階事務室,(083)986-2368,,,,,,,,火水木金土日,9:00,17:00,月曜日（祝日の場合は火曜日以降の平日）、年末年始は休館のため利用不可,有,https://www.city.yamaguchi.lg.jp/soshiki/141/,,,,,,
352039,FF2099000010,山口県山口市,山口市小郡文化資料館,ヤマグチシオゴオリブンカシリョウカン,,352039,51000,山口県山口市小郡下郷609-3,山口県,山口市,小郡下郷,609ｰ3,,34.102478,131.393643,,,１階収蔵庫横,(083)973-7071,,,,,,,,火水木金土日,9:00,17:00,月曜日（祝日の場合は火曜日以降の平日）、年末年始は休館のため利用不可,有,http://cmogori.ec-net.jp/,,,,,,
352039,FF2099000011,山口県山口市,阿知須いぐらの館,アジスイグラノヤカタ,,352039,10000,山口県山口市阿知須3425,山口県,山口市,阿知須,3425,,34.007995,131.361888,,,1階玄関入口横（事務室前）,(0836)65-2403,,,,,,,,月火金土日,10:00,16:00,水・木曜日（祝日の場合は翌日）、年末年始は休館のため利用不可,有,http://www.c-able.ne.jp/~kyu-naka/,,,,,,
352039,FF2099000012,山口県山口市,山口市立中央図書館,ヤマグチシリツチュウオウトショカン,,352039,130000,山口県山口市中園町7-7,山口県,山口市,中園町,7ｰ7,,34.169425,131.467059,,,1階ｻｰﾋﾞｽｶｳﾝﾀｰ横,(083)901-1040,,,,,,,,月水木金土日,10:00,19:00,"土日は10時から17時まで利用可
休館日（火曜日、年末年始、図書整理日、特別整理期間）は利用不可",,,,,,,,
352039,FF2099000013,山口県山口市,山口市立小郡図書館,ヤマグチシリツオゴオリトショカン,,352039,51000,山口県山口市小郡下郷609-1,山口県,山口市,小郡下郷,609ｰ1,,34.102449,131.392379,,,1階ｻｰﾋﾞｽｶｳﾝﾀｰ横,(083)973-0098,,,,,,,,月水木金土日,10:00,19:00,土日は10時から17時まで利用可。休館日（火曜日、祝日、年末年始、図書整理日、特別整理期間）は利用不可。,,,,,,,,
352039,FF2099000014,山口県山口市,山口市立阿知須図書館,ヤマグチシリツアジストショカン,,352039,10000,山口県山口市阿知須2737-1,山口県,山口市,阿知須,2737ｰ1,,34.014142,131.359876,,,1階ｶｳﾝﾀｰ横,(0836)66-0001,,,,,,,,火水木金土日,10:00,18:00,土日は9時から17時まで利用可。休館日（月曜日、祝日、年末年始、図書整理日、特別整理期間）は利用不可。,,,,,,,,
352039,FF2099000015,山口県山口市,山口市立徳地図書館,ヤマグチシリツトクヂトショカン,,352039,120000,山口県山口市徳地堀1527-3,山口県,山口市,徳地堀,1527ｰ3,,34.190273,131.660286,,,1階図書館入口お知らせ掲示板側,(0835)52-0043,,,,,,,,火水木金土日,10:00,18:00,土日は9時から17時まで利用可。休館日（月曜日、祝日、年末年始、図書整理日、特別整理期間）は利用不可。,,,,,,,,
352039,FF2099000016,山口県山口市,山口市立宮野小学校,ヤマグチシリツミヤノショウガッコウ,,352039,150000,山口県山口市宮野下3017,山口県,山口市,宮野下,3017,,34.19968,131.50592,,,１階玄関,(083)928-0244,,,,,,,,,,,,,,,,,,,
352039,FF2099000017,山口県山口市,山口市立大殿小学校,ヤマグチシリツオオドノショウガッコウ,,352039,39000,山口県山口市大殿大路213,山口県,山口市,大殿大路,213,,34.18269,131.48146,,,１階玄関,(083)922-0343,,,,,,,,,,,,,,,,,,,
352039,FF2099000018,山口県山口市,山口市立白石小学校,ヤマグチシリツシライシショウガッコウ,,352039,93001,山口県山口市白石一丁目10-1,山口県,山口市,白石一丁目,10ｰ1,,34.176905,131.470804,,,１階保健室前,(083)922-0063,,,,,,,,,,,,,,,,,,,
352039,FF2099000019,山口県山口市,山口市立湯田小学校,ヤマグチシリツユダショウガッコウ,,352039,151000,山口県山口市元町2-26,山口県,山口市,元町,2ｰ26,,34.170098,131.458313,,,１階職員昇降口,(083)922-0092,,,,,,,,,,,,,,,,,,,
352039,FF2099000020,山口県山口市,山口市立良城小学校,ヤマグチシリツリョウジョウショウガッコウ,,352039,159003,山口県山口市吉敷佐畑三丁目3-3,山口県,山口市,吉敷佐畑三丁目,3ｰ3,,34.166023,131.429597,,,１階事務室前,(083)922-0003,,,,,,,,,,,,,,,,,,,
352039,FF2099000021,山口県山口市,山口市立大歳小学校,ヤマグチシリツオオトシショウガッコウ,,352039,152000,山口県山口市矢原1486,山口県,山口市,矢原,1486,,34.15007,131.43947,,,１階玄関,(083)922-2466,,,,,,,,,,,,,,,,,,,
352039,FF2099000022,山口県山口市,山口市立平川小学校,ヤマグチシリツヒラカワショウガッコウ,,352039,139000,山口県山口市平井1675-2,山口県,山口市,平井,1675ｰ2,,34.14129,131.45632,,,１階屋内運動場前,(083)922-1789,,,,,,,,,,,,,,,,,,,
352039,FF2099000023,山口県山口市,山口市立陶小学校,ヤマグチシリツスエショウガッコウ,,352039,95000,山口県山口市陶3544,山口県,山口市,陶,3544,,34.09019,131.43034,,,１階玄関奥階段横,(083)972-0703,,,,,,,,,,,,,,,,,,,
352039,FF2099000024,山口県山口市,山口市立名田島小学校,ヤマグチシリツナタジマショウガッコウ,,352039,131000,山口県山口市名田島1538-2,山口県,山口市,名田島,1538ｰ2,,34.076508,131.415205,,,1階保健室横通路,(083)972-0711,,,,,,,,,,,,,,,,,,,
352039,FF2099000025,山口県山口市,山口市立二島小学校,ヤマグチシリツフタジマショウガッコウ,,352039,3000,山口県山口市秋穂二島6165,山口県,山口市,秋穂二島,6165,,34.038055,131.420335,,,１階玄関,(083)987-2009,,,,,,,,,,,,,,,,,,,
352039,FF2099000026,山口県山口市,山口市立嘉川小学校,ヤマグチシリツカガワショウガッコウ,,352039,67000,山口県山口市嘉川4986,山口県,山口市,嘉川,4986,,34.07555,131.37605,,,１階玄関,(083)989-2206,,,,,,,,,,,,,,,,,,,
352039,FF2099000027,山口県山口市,山口市立興進小学校,ヤマグチシリツコウシンショウガッコウ,,352039,29000,山口県山口市江崎2284,山口県,山口市,江崎,2284,,34.05754,131.36983,,,１階玄関,(083)989-2513,,,,,,,,,,,,,,,,,,,
352039,FF2099000028,山口県山口市,山口市立佐山小学校,ヤマグチシリツサヤマショウガッコウ,,352039,168000,山口県山口市佐山2731,山口県,山口市,佐山,2731,,34.03616,131.36053,,,1階体育館入口,(083)989-3020,,,,,,,,,,,,,,,,,,,
352039,FF2099000029,山口県山口市,山口市立鋳銭司小学校,ヤマグチシリツスゼンジショウガッコウ,,352039,96000,山口県山口市鋳銭司4010,山口県,山口市,鋳銭司,4010,,34.08557,131.4567,,,１階理科室前,(083)986-2609,,,,,,,,,,,,,,,,,,,
352039,FF2099000030,山口県山口市,山口市立仁保小学校,ヤマグチシリツニホショウガッコウ,,352039,136000,山口県山口市仁保中郷81,山口県,山口市,仁保中郷,81,,34.214458,131.555444,,,１階玄関,(083)929-0311,,,,,,,,,,,,,,,,,,,
352039,FF2099000031,山口県山口市,山口市立小鯖小学校,ヤマグチシリツオサバショウガッコウ,,352039,90000,山口県山口市下小鯖2519,山口県,山口市,下小鯖,2519,,34.12784,131.52517,,,1階体育館玄関,(083)927-0051,,,,,,,,,,,,,,,,,,,
352039,FF2099000032,山口県山口市,山口市立大内小学校,ヤマグチシリツオオウチショウガッコウ,,352039,36001,山口県山口市大内矢田北一丁目16-1,山口県,山口市,大内矢田北一丁目,16ｰ1,,34.157176,131.500131,,,１階体育館玄関,(083)927-0011,,,,,,,,,,,,,,,,,,,
352039,FF2099000033,山口県山口市,山口市立大内南小学校,ヤマグチシリツオオウチミナミショウガッコウ,,352039,37002,山口県山口市大内矢田南二丁目4-1,山口県,山口市,大内矢田南二丁目,4ｰ1,,34.150508,131.497027,,,１階事務室前,(083)927-7373,,,,,,,,,,,,,,,,,,,
352039,FF2099000034,山口県山口市,山口市立小郡小学校,ヤマグチシリツオゴオリショウガッコウ,,352039,51000,山口県山口市小郡下郷254-3,山口県,山口市,小郡下郷,254ｰ3,,34.106681,131.400233,,,１階体育館通路前,(083)973-0408,,,,,,,,,,,,,,,,,,,
352039,FF2099000035,山口県山口市,山口市立小郡南小学校,ヤマグチシリツオゴオリミナミショウガッコウ,,352039,61000,山口県山口市小郡緑町1-1,山口県,山口市,小郡緑町,1ｰ1,,34.090644,131.399914,,,1階体育館下玄関,(083)973-2521,,,,,,,,,,,,,,,,,,,
352039,FF2099000036,山口県山口市,山口市立秋穂小学校,ヤマグチシリツアイオショウガッコウ,,352039,2000,山口県山口市秋穂東6771,山口県,山口市,秋穂東,6771,,34.01728,131.43614,,,１階玄関,(083)984-2250,,,,,,,,,,,,,,,,,,,
352039,FF2099000037,山口県山口市,山口市立大海小学校,ヤマグチシリツオオミショウガッコウ,,352039,2000,山口県山口市秋穂東2299,山口県,山口市,秋穂東,2299,,34.02136,131.46313,,,１階職員昇降口前,(083)984-2253,,,,,,,,,,,,,,,,,,,
352039,FF2099000038,山口県山口市,山口市立阿知須小学校,ヤマグチシリツアジスショウガッコウ,,352039,10000,山口県山口市阿知須4251,山口県,山口市,阿知須,4251,,34.011402,131.359269,,,１階保健室前,(0836)65-2014,,,,,,,,,,,,,,,,,,,
352039,FF2099000039,山口県山口市,山口市立井関小学校,ヤマグチシリツイセキショウガッコウ,,352039,10000,山口県山口市阿知須1639,山口県,山口市,阿知須,1639,,34.014475,131.340593,,,1階玄関前廊下,(0836)65-2053,,,,,,,,,,,,,,,,,,,
352039,FF2099000040,山口県山口市,山口市立中央小学校,ヤマグチシリツチュウオウショウガッコウ,,352039,120000,山口県山口市徳地堀1551,山口県,山口市,徳地堀,1551,,34.190163,131.66157,,,１階玄関,(0835)52-0198,,,,,,,,,,,,,,,,,,,
352039,FF2099000041,山口県山口市,山口市立島地小学校,ヤマグチシリツシマヂショウガッコウ,,352039,114000,山口県山口市徳地島地16,山口県,山口市,徳地島地,16,,34.158751,131.70026,,,1階体育館入口,(0835)54-0101,,,,,,,,,,,,,,,,,,,
352039,FF2099000043,山口県山口市,山口市立八坂小学校,ヤマグチシリツヤサカショウガッコウ,,352039,122000,山口県山口市徳地八坂1226,山口県,山口市,徳地八坂,1226,,34.238138,131.657756,,,１階正面玄関,(0835)56-0324,,,,,,,,,,,,,,,,,,,
352039,FF2099000045,山口県山口市,山口市立宮野中学校,ヤマグチシリツミヤノチュウガッコウ,,352039,84004,山口県山口市桜畠四丁目9-1,山口県,山口市,桜畠四丁目,9ｰ1,,34.197619,131.501347,,,１階体育館入口,(083)928-0144,,,,,,,,,,,,,,,,,,,
352039,FF2099000046,山口県山口市,山口市立大殿中学校,ヤマグチシリツオオドノチュウガッコウ,,352039,141001,山口県山口市古熊一丁目4-1,山口県,山口市,古熊一丁目,4ｰ1,,34.177082,131.484316,,,１階南校舎正面玄関,(083)922-0688,,,,,,,,,,,,,,,,,,,
352039,FF2099000047,山口県山口市,山口市立白石中学校,ヤマグチシリツシライシチュウガッコウ,,352039,93002,山口県山口市白石二丁目7-1,山口県,山口市,白石二丁目,7ｰ1,,34.176738,131.468943,,,１階正面玄関,(083)922-0387,,,,,,,,,,,,,,,,,,,
352039,FF2099000048,山口県山口市,山口市立湯田中学校,ヤマグチシリツユダチュウガッコウ,,352039,76000,山口県山口市楠木町7-1,山口県,山口市,楠木町,7ｰ1,,34.171803,131.452235,,,１階事務室前,(083)922-1189,,,,,,,,,,,,,,,,,,,
352039,FF2099000049,山口県山口市,山口市立鴻南中学校,ヤマグチシリツコウナンチュウガッコウ,,352039,24004,山口県山口市維新公園四丁目7-1,山口県,山口市,維新公園四丁目,7ｰ1,,34.154007,131.434376,,,１階事務室前,(083)922-2475,,,,,,,,,,,,,,,,,,,
352039,FF2099000050,山口県山口市,山口市立二島中学校,ヤマグチシリツフタジマチュウガッコウ,,352039,3000,山口県山口市秋穂二島10558ｰ1,山口県,山口市,秋穂二島,10558ｰ1,,34.040846,131.424483,,,1階本館外旧昇降口（体育館側）,(083)987-2007,,,,,,,,,,,,,,,,,,,
352039,FF2099000051,山口県山口市,山口市立川西中学校,ヤマグチシリツカワニシチュウガッコウ,,352039,67000,山口県山口市嘉川4352-2,山口県,山口市,嘉川,4352ｰ2,,34.067948,131.367808,,,１階玄関,(083)989-2209,,,,,,,,,,,,,,,,,,,
352039,FF2099000052,山口県山口市,山口市立潟上中学校,ヤマグチシリツカタガミチュウガッコウ,,352039,95000,山口県山口市陶1912,山口県,山口市,陶,1912,,34.07939,131.4319,,,１階玄関,(083)986-2011,,,,,,,,,,,,,,,,,,,
352039,FF2099000053,山口県山口市,山口市立仁保中学校,ヤマグチシリツニホチュウガッコウ,,352039,136000,山口県山口市仁保中郷84,山口県,山口市,仁保中郷,84,,34.21534,131.55829,,,１階玄関,(083)929-0028,,,,,,,,,,,,,,,,,,,
352039,FF2099000054,山口県山口市,山口市立大内中学校,ヤマグチシリツオオウチチュウガッコウ,,352039,34000,山口県山口市大内長野555,山口県,山口市,大内長野,555,,34.154441,131.521136,,,１階体育館玄関,(083)927-0024,,,,,,,,,,,,,,,,,,,
352039,FF2099000055,山口県山口市,山口市立大内中学校氷上分校,ヤマグチシリツオオウチチュウガッコウヒカミブンコウ,,352039,164007,山口県山口市大内氷上七丁目5-1,山口県,山口市,大内氷上七丁目,5ｰ1,,34.161447,131.507045,,,１階玄関,(083)927-3736,,,,,,,,,,,,,,,,,,,
352039,FF2099000056,山口県山口市,山口市立平川中学校,ヤマグチシリツヒラカワチュウガッコウ,,352039,79000,山口県山口市黒川1231-1,山口県,山口市,黒川,1231ｰ1,,34.139555,131.457513,,,１階玄関,(083)924-7700,,,,,,,,,,,,,,,,,,,
352039,FF2099000057,山口県山口市,山口市立小郡中学校,ヤマグチシリツオゴオリチュウガッコウ,,352039,51000,山口県山口市小郡下郷879-1,山口県,山口市,小郡下郷,879ｰ1,,34.105768,131.397978,,,北館1階保健室前,(083)973-0508,,,,,,,,,,,,,,,,,,,
352039,FF2099000058,山口県山口市,山口市立秋穂中学校,ヤマグチシリツアイオチュウガッコウ,,352039,2000,山口県山口市秋穂東10615ｰ1,山口県,山口市,秋穂東,10615ｰ1,,34.014456,131.441068,,,１階管理棟体育館出入口,(083)984-2114,,,,,,,,,,,,,,,,,,,
352039,FF2099000059,山口県山口市,山口市立阿知須中学校,ヤマグチシリツアジスチュウガッコウ,,352039,10000,山口県山口市阿知須5094-3,山口県,山口市,阿知須,5094ｰ3,,34.013406,131.353787,,,１階事務室前,(0836)65-2074,,,,,,,,,,,,,,,,,,,
352039,FF2099000060,山口県山口市,山口市立徳地中学校,ヤマグチシリツトクヂチュウガッコウ,,352039,120000,山口県山口市徳地堀1606-1,山口県,山口市,徳地堀,1606ｰ1,,34.190735,131.659314,,,１階玄関,(0835)52-0039,,,,,,,,,,,,,,,,,,,
352039,FF2099000061,山口県山口市,山口市立生雲小学校,ヤマグチシリツイクモショウガッコウ,,352039,11000,山口県山口市阿東生雲中319,山口県,山口市,阿東生雲中,319,,34.384907,131.599896,,,１階玄関,(083)954-0109,,,,,,,,,,,,,,,,,,,
352039,FF2099000062,山口県山口市,山口市立さくら小学校,ヤマグチシリツサクラショウガッコウ,,352039,18000,山口県山口市阿東地福下1234-1,山口県,山口市,阿東地福下,1234ｰ1,,34.358453,131.66135,,,１階児童昇降口,(083)952-0304,,,,,,,,,,,,,,,,,,,
352039,FF2099000063,山口県山口市,山口市立徳佐小学校,ヤマグチシリツトクサショウガッコウ,,352039,22000,山口県山口市阿東徳佐中3292,山口県,山口市,阿東徳佐中,3292,,34.396088,131.724815,,,１階児童昇降口,(083)956-0024,,,,,,,,,,,,,,,,,,,
352039,FF2099000064,山口県山口市,山口市立阿東中学校,ヤマグチシリツアトウチュウガッコウ,,352039,17000,山口県山口市阿東地福上1874,山口県,山口市,阿東地福上,1874,,34.36043,131.665443,,,１階職員室前,(083)952-0318,,,,,,,,,,,,,,,,,,,
352039,FF2099000065,山口県山口市,山口市立阿東東中学校,ヤマグチシリツアトウヒガシチュウガッコウ,,352039,22000,山口県山口市阿東徳佐中3288-1,山口県,山口市,阿東徳佐中,3288ｰ1,,34.39583,131.72611,,,１階職員室前,(083)956-0039,,,,,,,,,,,,,,,,,,,
352039,FF2099000066,山口県山口市,山口市立仁保幼稚園,ヤマグチシリツニホヨウチエン,,352039,136000,山口県山口市仁保中郷82,山口県,山口市,仁保中郷,82,,34.213339,131.555647,,,１階玄関,(083)929-0043,,,,,,,,月火水木金土,7:30,19:00,日曜日、祝日、臨時休校日は利用不可。,有,,,,,,,
352039,FF2099000067,山口県山口市,山口市立小鯖幼稚園,ヤマグチシリツオサバヨウチエン,,352039,90000,山口県山口市下小鯖2519,山口県,山口市,下小鯖,2519,,34.13023,131.52336,,,１階玄関,(083)927-0054,,,,,,,,月火水木金土,7:30,19:00,日曜日、祝日、臨時休校日は利用不可。,有,,,,,,,
352039,FF2099000068,山口県山口市,山口市立大内幼稚園,ヤマグチシリツオオウチヨウチエン,,352039,36001,山口県山口市大内矢田北一丁目11-24,山口県,山口市,大内矢田北一丁目,11ｰ24,,34.158629,131.501284,,,１階玄関,(083)927-2497,,,,,,,,月火水木金,8:30,16:00,土、日曜日、祝日、臨時休校日は利用不可。,有,,,,,,,
352039,FF2099000069,山口県山口市,山口市立宮野幼稚園,ヤマグチシリツミヤノヨウチエン,,352039,150000,山口県山口市宮野下3000-1,山口県,山口市,宮野下,3000ｰ1,,34.199274,131.50528,,,１階玄関,(083)928-0105,,,,,,,,月火水木金,8:30,16:00,土、日曜日、祝日、臨時休校日は利用不可。,有,,,,,,,
352039,FF2099000070,山口県山口市,山口市立吉敷幼稚園,ヤマグチシリツヨシキヨウチエン,,352039,159004,山口県山口市吉敷佐畑四丁目6-1,山口県,山口市,吉敷佐畑四丁目,6ｰ1,,34.168349,131.429579,,,１階玄関,(083)925-2279,,,,,,,,月火水木金,8:30,16:00,土、日曜日、祝日、臨時休校日は利用不可。,有,,,,,,,
352039,FF2099000071,山口県山口市,山口市立平川幼稚園,ヤマグチシリツヒラカワヨウチエン,,352039,79000,山口県山口市黒川1210-1,山口県,山口市,黒川,1210ｰ1,,34.141572,131.45701,,,１階玄関,(083)924-1661,,,,,,,,月火水木金,8:30,16:00,土、日曜日、祝日、臨時休校日は利用不可。,有,,,,,,,
352039,FF2099000072,山口県山口市,山口市立山口みなみこども園,ヤマグチシリツヤマグチミナミコドモエン,,352039,96000,山口県山口市鋳銭司3922-1,山口県,山口市,鋳銭司,3922ｰ1,,34.083189,131.453779,,,１階玄関,(083)986-2009,,,,,,,,月火水木金土,7:30,18:00,日曜日、祝日、臨時休園日は利用不可。,有,,,,,,,
352039,FF2099000073,山口県山口市,にこにこ学級,ヤマグチシリツナタジマヨウチエン,,352039,131000,山口県山口市名田島1536-1,山口県,山口市,名田島,1536ｰ1,,34.076367,131.415908,,,１階玄関,(083)972-2600,,,,,,,,月火水木金土,14:00,18:00,"土曜日、長期休業期間は朝８時から開所。
日曜日、祝祭日、年末年始は利用不可。",有,,,,,,,
352039,FF2099000074,山口県山口市,大海なかよし学級,オオミナカヨシガッキュウ,,352039,2000,山口県山口市秋穂東2566ｰ2,山口県,山口市,秋穂東,2566ｰ2,,34.019036,131.464868,,,１階玄関,083-984-2658,,,,,,,,月火水木金土,14:00,18:00,"土曜日・長期休業期間は朝８時から開所。
日曜日、祝祭日、年末年始は利用不可。",有,,,,,,,
352039,FF2099000075,山口県山口市,山口市上下水道局,ヤマグチシジョウゲスイドウキョク,,352039,148000,山口県山口市宮島町7-1,山口県,山口市,宮島町,7ｰ1,,34.164785,131.481127,,,１階玄関ホール,(083)933-6676,,,,,,,,,8:30,17:15,,,,,,,,,
352039,FF2099000076,山口県山口市,朝田浄水場,アサダジョウスイジョウ,,352039,8000,山口県山口市朝田28,山口県,山口市,朝田,28,,34.140097,131.433812,,,１階玄関ホール,(083)922-0311,,,,,,,,,8:30,17:15,土、日曜日、祝祭日、年末年始を除く。,有,,,,,,,
352039,FF2099000077,山口県山口市,山口浄化センター,ヤマグチジョウカセンター,,352039,79000,山口県山口市黒川8,山口県,山口市,黒川,8,,34.13522,131.42865,,,１階玄関入口,(083)925-8469,,,,,,,,,8:30,17:15,,,,,,,,,
352039,FF2099000078,山口県山口市,"山口市阿知須健康福祉センター",ヤマグチシアジスケンコウフクシセンター,,352039,10000,山口県山口市阿知須2740,山口県,山口市,阿知須,2740,,34.013608,131.359618,,,１階玄関入口付近,0,,,,,,,,,8:30,17:00,,,,,,,,,
352039,FF2099000079,山口県山口市,山口市老人憩の家寿泉荘,ヤマグチシロウジンイコイノイエジュセンソウ,,352039,155005,山口県山口市湯田温泉五丁目2-21,山口県,山口市,湯田温泉五丁目,2ｰ21,,34.167315,131.456409,,,１階エントランスホール,(083)924-4115,,,,,,,,,,,,,,,,,,,
352039,FF2099000080,山口県山口市,山口市老人憩の家嘉泉荘,ヤマグチシロウジンイコイノイエカセンソウ,,352039,67000,山口県山口市嘉川1439-1,山口県,山口市,嘉川,1439ｰ1,,34.077663,131.377126,,,１階玄関付近,(083)989-4787,,,,,,,,,,,,,,,,,,,
352039,FF2099000081,山口県山口市,山口市老人憩の家潮寿荘,ヤマグチシロウジンイコイノイエチョウジュソウ,,352039,3000,山口県山口市秋穂二島10438ｰ1,山口県,山口市,秋穂二島,10438ｰ1,,34.011175,131.408338,,,１階浴場付近通路,(083)984-2110,,,,,,,,,,,,,,,,,,,
352039,FF2099000082,山口県山口市,山口市小鯖高齢者生きがいセンター,ヤマグチシオゴオリコウレイシャイキガイセンター,,352039,90000,山口県山口市下小鯖654-6,山口県,山口市,下小鯖,654ｰ6,,34.127255,131.522975,,,１階玄関付近,(083)941-0235,,,,,,,,,,,,,,,,,,,
352039,FF2099000083,山口県山口市,山口市大内高齢者生きがいセンター,ヤマグチシオオウチコウレイシャイキガイセンター,,352039,36005,山口県山口市大内矢田北五丁目8ｰ28,山口県,山口市,大内矢田北五丁目,8ｰ28,,34.154448,131.510363,,,１階玄関付近,(083)927-7712,,,,,,,,,,,,,,,,,,,
352039,FF2099000084,山口県山口市,山口市宮野高齢者生きがいセンター,ヤマグチシミヤノコウレイシャイキガイセンター,,352039,150000,山口県山口市宮野下784-3,山口県,山口市,宮野下,784ｰ3,,34.189103,131.50372,,,１階玄関付近,(083)928-8253,,,,,,,,,,,,,,,,,,,
352039,FF2099000085,山口県山口市,山口市吉敷高齢者生きがいセンター,ヤマグチシヨシキコウレイシャイキガイセンター,,352039,159001,山口県山口市吉敷佐畑一丁目10-13,山口県,山口市,吉敷佐畑一丁目,10ｰ13,,34.16538,131.434493,,,１階玄関付近,(083)932-5320,,,,,,,,,,,,,,,,,,,
352039,FF2099000086,山口県山口市,山口市平川高齢者生きがいセンター,ヤマグチシヒラカワコウレイシャイキガイセンター,,352039,79000,山口県山口市黒川866-1,山口県,山口市,黒川,866ｰ1,,34.142321,131.456841,,,１階玄関付近,(083)928-8655,,,,,,,,,,,,,,,,,,,
352039,FF2099000087,山口県山口市,山口市陶高齢者生きがいセンター,ヤマグチシスエコウレイシャイキガイセンター,,352039,95000,山口県山口市陶571,山口県,山口市,陶,571,,34.091351,131.440103,,,１階玄関付近,(083)986-3310,,,,,,,,,,,,,,,,,,,
352039,FF2099000088,山口県山口市,山口市鋳銭司高齢者生きがいセンター,ヤマグチシスゼンジコウレイシャイキガイセンター,,352039,96000,山口県山口市鋳銭司5435-1,山口県,山口市,鋳銭司,5435ｰ1,,34.080496,131.448354,,,１階玄関付近,(083)986-3777,,,,,,,,,,,,,,,,,,,
352039,FF2099000089,山口県山口市,山口市名田島高齢者生きがいセンター,ヤマグチシナタジマコウレイシャイキガイセンター,,352039,131000,山口県山口市名田島1529,山口県,山口市,名田島,1529,,34.077098,131.415277,,,１階玄関付近,(083)972-1135,,,,,,,,,,,,,,,,,,,
352039,FF2099000090,山口県山口市,山口市秋穂二島高齢者生きがいセンター,ヤマグチシアイオフタジマコウレイシャイキガイセンター,,352039,3000,山口県山口市秋穂二島5551-1,山口県,山口市,秋穂二島,5551ｰ1,,34.034797,131.426076,,,１階玄関付近,(083)987-2100,,,,,,,,,,,,,,,,,,,
352039,FF2099000091,山口県山口市,山口市嘉川高齢者生きがいセンター,ヤマグチシカガワコウレイシャイキガイセンター,,352039,724,山口県山口市深溝10048-3,山口県,山口市,深溝,10048ｰ3,,34.044774,131.371334,,,１階玄関付近,(083)989-2530,,,,,,,,,,,,,,,,,,,
352039,FF2099000092,山口県山口市,山口市佐山高齢者生きがいセンター,ヤマグチシサヤマコウレイシャイキガイセンター,,352039,168000,山口県山口市佐山3875-2,山口県,山口市,佐山,3875ｰ2,,34.037439,131.350356,,,１階玄関付近,(083)989-6733,,,,,,,,,,,,,,,,,,,
352039,FF2099000093,山口県山口市,山口市小郡高齢者生きがいセンター,ヤマグチシオゴオリコウレイシャイキガイセンター,,352039,44000,山口県山口市小郡尾崎町3-11,山口県,山口市,小郡尾崎町,3ｰ11,,34.107917,131.394985,,,１階玄関付近,(083)973-0685,,,,,,,,,,,,,,,,,,,
352039,FF2099000094,山口県山口市,山口市秋穂デイサービスセンター,ヤマグチシアイオデイサービスセンター,,352039,2000,山口県山口市秋穂東3993,山口県,山口市,秋穂東,3993,,34.01497,131.44415,,,１階秋楽園医務室,(083)984-5772,,,,,,,,,,,,,,,,,,,
352039,FF2099000095,山口県山口市,山口市老人福祉館,ヤマグチシロウジンフクシカン,,352039,91000,山口県山口市下竪小路254,山口県,山口市,下竪小路,254,,34.181897,131.480587,,,１階児童館玄関,(083)922-7121,,,,,,,,,,,,,,,,,,,
352039,FF2099000096,山口県山口市,山口市阿東老人ホーム,ヨウゴロウジンホームヤマグチシアトウロウジンホーム,,352039,11000,山口県山口市阿東生雲中300,山口県,山口市,阿東生雲中,300,,34.38612,131.599762,,,１階診療室,(083)954-0120,,,,,,,,,,,,,,,,,,,
352039,FF2099000097,山口県山口市,山口市山口障害者福祉作業所かがやき,ヤマグチシヤマグチショウガイシャフクシサギョウショカガヤキ,,352039,91000,山口県山口市下竪小路103-3,山口県,山口市,下竪小路,103ｰ3,,34.181429,131.480305,,,１階作業室内,0,,,,,,,,,9:00,16:00,土、日曜日、祝日、年末年始を除く,,,,,,,,
352039,FF2099000098,山口県山口市,山口児童館,ヤマグチジドウカン,,352039,91000,山口県山口市下竪小路254,山口県,山口市,下竪小路,254,,34.181898,131.48059,,,１階玄関前,(083)-928-8656,,,,,,,,月～土,9:00,17:00,日曜日、祝祭日、年末年始は利用不可。,,,,,,,,
352039,FF2099000099,山口県山口市,三和児童館,サンワジドウカン,,352039,86000,山口県山口市三和町3-3,山口県,山口市,三和町,3ｰ3,,34.168429,131.470644,,,１階玄関前,(083)-922-7055,,,,,,,,月～土,9:00,17:00,"土曜日は13時から利用可能。
日曜日、祝祭日、年末年始は利用不可。",,,,,,,,
352039,FF2099000100,山口県山口市,小郡上郷児童館,オゴオリカミゴウジドウカン,,352039,46000,山口県山口市小郡上郷2159,山口県,山口市,小郡上郷,2159,,34.12889,131.41023,,,１階玄関前,(083)-972-0103,,,,,,,,月～土,13:00,17:00,日曜日、祝祭日、年末年始は利用不可。,,,,,,,,
352039,FF2099000101,山口県山口市,秋穂コミュニティセンター,アイオコミュニティセンター,,352039,2000,山口県山口市秋穂東6527-2,山口県,山口市,秋穂東,6527ｰ2,,34.013065,131.437901,,,１階玄関前,(083)-984-2130,,,,,,,,火～日,9:00,18:00,月曜日、祝祭日、年末年始は利用不可。,,,,,,,,
352039,FF2099000102,山口県山口市,なかよし第３学級,ナカヨシダイサンガッキュウ,,352039,93002,山口県山口市白石二丁目2ｰ19,山口県,山口市,白石二丁目,2ｰ19,,34.175933,131.469855,,,1階玄関前,(083)-922-0737,,,,,,,,月～土,14:00,18:00,"土曜日・長期休業期間は朝８時から開所。
日曜日、祝祭日、年末年始は利用不可。",,,,,,,,
352039,FF2099000103,山口県山口市,わくわく学級,ワクワクガッキュウ,,352039,96000,山口県山口市鋳銭司4058,山口県,山口市,鋳銭司,4058,,34.08472,131.451,,,1階玄関前,(083)-986-4737,,,,,,,,月～土,14:00,18:00,"土曜日・長期休業期間は朝８時から開所。
日曜日、祝祭日、年末年始は利用不可。",,,,,,,,
352039,FF2099000104,山口県山口市,おおぞら学級,オオゾラガッキュウ,,352039,67000,山口県山口市嘉川1399-1,山口県,山口市,嘉川,1399ｰ1,,34.076808,131.377813,,,1階教室内,(083)-988-0375,,,,,,,,月～土,14:00,18:00,"土曜日・長期休業期間は朝８時から開所。
日曜日、祝祭日、年末年始は利用不可。",,,,,,,,
352039,FF2099000105,山口県山口市,しらさぎ第２学級,シラサギダイニガッキュウ,,352039,61000,山口県山口市小郡緑町7-30,山口県,山口市,小郡緑町,7ｰ30,,34.090542,131.402007,,,1階玄関前,(083)-973-3630,,,,,,,,月～土,14:00,18:00,"土曜日・長期休業期間は朝８時から開所。
日曜日、祝祭日、年末年始は利用不可。",,,,,,,,
352039,FF2099000106,山口県山口市,山口保育園,ヤマグチホイクエン,,352039,9001,山口県山口市旭通り一丁目6-19,山口県,山口市,旭通り一丁目,6ｰ19,,34.168632,131.47116,,,１階玄関,(083)922-0354,,,,,,,,月火水木金土,7:30,19:00,日曜日、祝日、臨時休園日は利用不可。,有,,,,,,,
352039,FF2099000107,山口県山口市,東山保育園,ヒガシヤマホイクエン,,352039,138002,山口県山口市東山二丁目2-27,山口県,山口市,東山二丁目,2ｰ27,,34.176418,131.481404,,,1階事務室,(083)922-3850,,,,,,,,月火水木金土,7:30,19:00,日曜日、祝日、臨時休園日は利用不可。,有,,,,,,,
352039,FF2099000108,山口県山口市,大内保育園,オオウチホイクエン,,352039,36003,山口県山口市大内矢田北三丁目4-23,山口県,山口市,大内矢田北三丁目,4ｰ23,,34.157865,131.50336,,,1階事務室,(083)927-0001,,,,,,,,月火水木金土,7:30,19:00,日曜日、祝日、臨時休園日は利用不可。,有,,,,,,,
352039,FF2099000109,山口県山口市,陶保育園,スエホイクエン,,352039,95000,山口県山口市陶4666-1,山口県,山口市,陶,4666ｰ1,,34.094512,131.414927,,,1階事務室,(083)972-0936,,,,,,,,月火水木金土,7:30,18:00,日曜日、祝日、臨時休園日は利用不可。,有,,,,,,,
352039,FF2099000110,山口県山口市,楠木保育園,クスノキホイクエン,,352039,76000,山口県山口市楠木町1-44,山口県,山口市,楠木町,1ｰ44,,34.170033,131.454582,,,1階玄関,(083)923-1722,,,,,,,,月火水木金土,7:30,19:00,日曜日、祝日、臨時休園日は利用不可。,有,,,,,,,
352039,FF2099000111,山口県山口市,三の宮保育園,サンノミヤホイクエン,,352039,87000,山口県山口市芝崎町9-73,山口県,山口市,芝崎町,9ｰ73,,34.188236,131.489141,,,1階玄関,(083)924-0327,,,,,,,,月火水木金土,7:30,19:00,日曜日、祝日、臨時休園日は利用不可。,有,,,,,,,
352039,FF2099000112,山口県山口市,山口第二保育園,ヤマグチダイニホイクエン,,352039,86000,山口県山口市三和町9-2,山口県,山口市,三和町,9ｰ2,,34.16818,131.469189,,,1階玄関,(083)925-2181,,,,,,,,月火水木金土,7:30,18:00,日曜日、祝日、臨時休園日は利用不可。,有,,,,,,,
352039,FF2099000113,山口県山口市,小郡上郷保育園,オゴオリカミゴウホイクエン,,352039,52001,山口県山口市小郡新町一丁目18-27,山口県,山口市,小郡新町一丁目,18ｰ27,,34.113613,131.397572,,,1階玄関,(083)973-2561,,,,,,,,月火水木金土,7:30,19:00,土曜日は7時30分から18時まで利用可。日曜日、祝日、臨時休園日は利用不可。,有,,,,,,,
352039,FF2099000114,山口県山口市,小郡保育園,オゴオリホイクエン,,352039,51000,山口県山口市小郡大正町9-22,山口県,山口市,小郡大正町,9ｰ22,,34.097324,131.399373,,,1階事務所,(083)973-0340,,,,,,,,月火水木金土,7:30,19:00,土曜日は7時30分から18時まで利用可。日曜日、祝日、臨時休園日は利用不可。,有,,,,,,,
352039,FF2099000115,山口県山口市,あじす保育園,アジスホイクエン,,352039,10000,山口県山口市阿知須2735-1,山口県,山口市,阿知須,2735ｰ1,,34.014086,131.359417,,,1階事務所,(0836)65-2117,,,,,,,,月火水木金土,7:00,18:30,日曜日、祝日、臨時休園日は利用不可。,有,,,,,,,
352039,FF2099000116,山口県山口市,堀保育園,ホリホイクエン,,352039,120000,山口県山口市徳地堀1616,山口県,山口市,徳地堀,1616,,34.190167,131.658226,,,1階事務所,(0835)52-0266,,,,,,,,月火水木金土,7:30,18:00,土曜日は7時30分から12時30分まで利用可。日曜日、祝日、臨時休園日は利用不可。,有,,,,,,,
352039,FF2099000117,山口県山口市,地福保育園,ジフクホイクエン,,352039,17000,山口県山口市阿東地福上1962-1,山口県,山口市,阿東地福上,1962ｰ1,,34.359084,131.662256,,,1階玄関,(083)952-0172,,,,,,,,月火水木金土,8:00,18:00,土曜日は8時00分から12時30分まで利用可。日曜日、祝日、臨時休園日は利用不可。,有,,,,,,,
352039,FF2099000118,山口県山口市,徳佐保育園,トクサホイクエン,,352039,22000,山口県山口市阿東徳佐中3283-1,山口県,山口市,阿東徳佐中,3283ｰ1,,34.396286,131.723567,,,1階玄関,(083)956-0520,,,,,,,,月火水木金土,8:00,18:00,土曜日は8時00分から12時30分まで利用可。日曜日、祝日、臨時休園日は利用不可。,有,,,,,,,
352039,FF2099000119,山口県山口市,山口市保健センター,ヤマグチシホケンセンター,,352039,174002,山口県山口市糸米二丁目6-6,山口県,山口市,糸米二丁目,6ｰ6,,34.17529,131.460931,,,1階受付,(083)921-2666,,,,,,,,,8:30,17:15,,有,,,,,,,
352039,FF2099000120,山口県山口市,山口市休日・夜間急病診療所,ヤマグチシキュウジツヤカンキュウビョウシンリョウショ,,352039,174002,山口県山口市糸米二丁目6-6,山口県,山口市,糸米二丁目,6ｰ6,,34.17529,131.460931,,,1階外科,(083)925-2266,,,,,,,,,19:00,22:00,,有,,,,,,,
352039,FF2099000121,山口県山口市,"山口市小郡保健福祉センター",ヤマグチシオゴオリホケンフクシセンター,,352039,51000,山口県山口市小郡下郷609-5,山口県,山口市,小郡下郷,609ｰ5,,34.102182,131.393249,,,1階事務室,(083)973-8147,,,,,,,,月火水木金,8:30,17:15,原則として土日、祝日、年末年始は休館。,有,,,,,,,
352039,FF2099000122,山口県山口市,"山口市秋穂保健センター",ヤマグチシアイオホケンセンター,,352039,2000,山口県山口市秋穂東6570,山口県,山口市,秋穂東,6570,,34.01518,131.43942,,,1階ロビー,(083)984-8031,,,,,,,,月火水木金,8:30,17:15,原則として土日、祝日、年末年始は休館。保健事業等で職員不在の場合あり。,有,,,,,,,
352039,FF2099000123,山口県山口市,徳地保健センター,トクヂホケンセンター,,352039,120000,山口県山口市徳地堀1926-1,山口県,山口市,徳地堀,1926ｰ1,,34.189675,131.655296,,,1階事務室,(0835)52-1114,,,,,,,,,8:30,17:15,,有,,,,,,,
352039,FF2099000124,山口県山口市,山口市阿東保健センター,ヤマグチシアトウホケンセンター,,352039,22000,山口県山口市阿東徳佐中3382,山口県,山口市,阿東徳佐中,3382,,34.395857,131.720931,,,1階玄関,(083)956-0993,,,,,,,,,8:30,17:15,,有,,,,,,,
352039,FF2099000125,山口県山口市,大殿地域交流センター,オオドノチイキコウリュウセンター,,352039,39000,山口県山口市大殿大路120-4,山口県,山口市,大殿大路,120ｰ4,,34.183253,131.479772,,,１階風除室,(083)924-5592,,,,,,,,月火水木金土日,8:30,22:00,12/29から翌年1/3までは休館,有,https://www.city.yamaguchi.lg.jp/soshiki/25/4286.html,,,,,,
352039,FF2099000126,山口県山口市,白石地域交流センター,シライシチイキコウリュウセンター,,352039,143001,山口県山口市本町一丁目1-25,山口県,山口市,本町一丁目,1ｰ25,,34.174037,131.473509,,,1階風除室,(083)922-0381,,,,,,,,月火水木金土日,8:30,22:00,12/29から翌年1/3までは休館,有,https://www.city.yamaguchi.lg.jp/soshiki/25/4286.html,,,,,,
352039,FF2099000127,山口県山口市,湯田地域交流センター,ユダチイキコウリュウセンター,,352039,155005,山口県山口市湯田温泉五丁目5-50,山口県,山口市,湯田温泉五丁目,5ｰ50,,34.168044,131.456531,,,１階北側玄関口,(083)922-8218,,,,,,,,月火水木金土日,8:30,22:00,12/29から翌年1/3までは休館,有,https://www.city.yamaguchi.lg.jp/soshiki/25/4286.html,,,,,,
352039,FF2099000128,山口県山口市,仁保地域交流センター,ニホチイキコウリュウセンター,,352039,136000,山口県山口市仁保中郷1041,山口県,山口市,仁保中郷,1041,,34.211705,131.558816,,,１階玄関ホール,(083)929-0105,,,,,,,,月火水木金土日,8:30,22:00,12/29から翌年1/3までは休館,有,https://www.city.yamaguchi.lg.jp/soshiki/25/4286.html,,,,,,
352039,FF2099000129,山口県山口市,小鯖地域交流センター,オサバチイキコウリュウセンター,,352039,90000,山口県山口市下小鯖2519,山口県,山口市,下小鯖,2519,,34.127235,131.524426,,,２階男子トイレ前,(083)927-0021,,,,,,,,月火水木金土日,8:30,22:00,12/29から翌年1/3までは休館,有,https://www.city.yamaguchi.lg.jp/soshiki/25/4286.html,,,,,,
352039,FF2099000130,山口県山口市,大内地域交流センター,オオウチチイキコウリュウセンター,,352039,36001,山口県山口市大内矢田北一丁目10ｰ11,山口県,山口市,大内矢田北一丁目,10ｰ11,,34.159751,131.502748,,,１階玄関ホール,(083)927-0473,,,,,,,,月火水木金土日,8:30,22:00,12/29から翌年1/3までは休館,有,https://www.city.yamaguchi.lg.jp/soshiki/25/4286.html,,,,,,
352039,FF2099000131,山口県山口市,宮野地域交流センター,ミヤノチイキコウリュウセンター,,352039,150000,山口県山口市宮野下3054,山口県,山口市,宮野下,3054,,34.200087,131.507945,,,１階風除室,(083)928-0250,,,,,,,,月火水木金土日,8:30,22:00,12/29から翌年1/3までは休館,有,https://www.city.yamaguchi.lg.jp/soshiki/25/4286.html,,,,,,
352039,FF2099000132,山口県山口市,吉敷地域交流センター,ヨシキチイキコウリュウセンター,,352039,159001,山口県山口市吉敷佐畑一丁目4-1,山口県,山口市,吉敷佐畑一丁目,4ｰ1,,34.166262,131.432677,,,１階エレベーター前,(083)922-3915,,,,,,,,月火水木金土日,8:30,22:00,12/29から翌年1/3までは休館,有,https://www.city.yamaguchi.lg.jp/soshiki/25/4286.html,,,,,,
352039,FF2099000133,山口県山口市,平川地域交流センター,ヒラカワチイキコウリュウセンター,,352039,139000,山口県山口市平井1665,山口県,山口市,平井,1665,,34.142689,131.454564,,,１階玄関,(083)922-4235,,,,,,,,月火水木金土日,8:30,22:00,12/29から翌年1/3までは休館,有,https://www.city.yamaguchi.lg.jp/soshiki/25/4286.html,,,,,,
352039,FF2099000134,山口県山口市,大歳地域交流センター,オオトシチイキコウリュウセンター,,352039,152000,山口県山口市矢原1407-5,山口県,山口市,矢原,1407ｰ5,,34.148993,131.440026,,,１階風除室,(083)922-4035,,,,,,,,月火水木金土日,8:30,22:00,12/29から翌年1/3までは休館,有,https://www.city.yamaguchi.lg.jp/soshiki/25/4286.html,,,,,,
352039,FF2099000135,山口県山口市,徳地地域交流センター島地分館,トクヂチイキコウリュウセンターシマヂブンカン,,352039,114000,山口県山口市徳地島地96-2,山口県,山口市,徳地島地,96ｰ2,,34.160876,131.702292,,,"１階廊下大集会室１入口",(0835)54-0001,,,,,,,,,8:30,17:15,,,,,,,,,
352039,FF2099000136,山口県山口市,徳地地域交流センター串分館,トクヂチイキコウリュウセンタークシブンカン,,352039,113000,山口県山口市徳地鯖河内1629-1,山口県,山口市,徳地鯖河内,1629ｰ1,,34.196779,131.729754,,,１階玄関ホール奥,(0835)54-0222,,,,,,,,,8:30,17:15,,,,,,,,,
352039,FF2099000137,山口県山口市,徳地地域交流センター八坂分館,トクヂチイキコウリュウセンターヤサカブンカン,,352039,122000,山口県山口市徳地八坂975,山口県,山口市,徳地八坂,975,,34.232085,131.66281,,,１階事務室入口横,(0835)56-0301,,,,,,,,,8:30,17:15,,,,,,,,,
352039,FF2099000138,山口県山口市,徳地地域交流センター柚野分館,トクヂチイキコウリュウセンターユノブンカン,,352039,115000,山口県山口市徳地野谷349-2,山口県,山口市,徳地野谷,349ｰ2,,34.303801,131.685943,,,１階ホール,(0835)58-0001,,,,,,,,,8:30,17:15,,,,,,,,,
352039,FF2099000139,山口県山口市,阿東地域交流センター,アトウチイキコウリュウセンター,,352039,22000,山口県山口市阿東徳佐中3425-1,山口県,山口市,阿東徳佐中,3425ｰ1,,34.398629,131.721227,,,１階エントランスホール内,(083)956-0116,,,,,,,,,8:30,17:15,年末年始利用不可（12月29日から1月3日まで閉館）,,,,,,,,
352039,FF2099000140,山口県山口市,阿東地域交流センター篠生分館,アトウチイキコウリュウセンターシノブブンカン,,352039,13000,山口県山口市阿東生雲東分74-6,山口県,山口市,阿東生雲東分,74ｰ6,,34.304355,131.577386,,,１階エントランス,(083)955-0111,,,,,,,,,8:30,17:15,土、日曜日、祝祭日、年末年始を除く。,,,,,,,,
352039,FF2099000141,山口県山口市,阿東地域交流センター生雲分館,アトウチイキコウリュセンターイクモブンカン,,352039,11000,山口県山口市阿東生雲中188-2,山口県,山口市,阿東生雲中,188ｰ2,,34.381789,131.601939,,,１階玄関ホール,(083)954-0044,,,,,,,,,8:30,17:15,土、日曜日、祝祭日、年末年始を除く。,,,,,,,,
352039,FF2099000142,山口県山口市,山口市阿東老人福祉センター（阿東地域交流センター地福分館）,ヤマグチシアトウロウジンフクシセンター（アトウチイキコウリュウセンタージフクブンカン）,,352039,17000,山口県山口市阿東地福上1697,山口県,山口市,阿東地福上,1697,,34.361958,131.668852,,,１階分館事務室前,(083)952-0301,,,,,,,,,8:30,17:15,土、日曜日、祝祭日、年末年始を除く。,,,,,,,,
352039,FF2099000143,山口県山口市,嘉年基幹集落センター（阿東地域交流センター嘉年分館）,カネキカンシュウラクセンター（アトウチイキコウリュウセンターカネブンカン）,,352039,15000,山口県山口市阿東嘉年下28-1,山口県,山口市,阿東嘉年下,28ｰ1,,34.464549,131.674057,,,１階,(083)958-0111,,,,,,,,,8:30,17:15,土、日曜日、祝祭日、年末年始を除く。,,,,,,,,
352039,FF2099000144,山口県山口市,陶地域交流センター,スエチイキコウリュウセンター,,352039,95000,山口県山口市陶2595,山口県,山口市,陶,2595,,34.089906,131.43096,,,１階玄関ホール,(083)972-1318,,,,,,,,月火水木金土日,8:30,22:00,12/29から翌年1/3までは休館,有,https://www.city.yamaguchi.lg.jp/soshiki/25/4286.html,,,,,,
352039,FF2099000145,山口県山口市,鋳銭司地域交流センター,スゼンジチイキコウリュウセンター,,352039,96000,山口県山口市鋳銭司5675ｰ1,山口県,山口市,鋳銭司,5675ｰ1,,34.079351,131.446206,,,１階玄関ホール,(083)986-2360,,,,,,,,月火水木金土日,8:30,22:00,12/29から翌年1/3までは休館,有,https://www.city.yamaguchi.lg.jp/soshiki/25/4286.html,,,,,,
352039,FF2099000146,山口県山口市,名田島地域交流センター,ナタジマチイキコウリュウセンター,,352039,131000,山口県山口市名田島1218-1,山口県,山口市,名田島,1218ｰ1,,34.084188,131.41237,,,１階玄関ホール,(083)972-6720,,,,,,,,月火水木金土日,8:30,22:00,12/29から翌年1/3までは休館,有,https://www.city.yamaguchi.lg.jp/soshiki/25/4286.html,,,,,,
352039,FF2099000147,山口県山口市,二島地域交流センター,フタジマチイキコウリュウセンター,,352039,3000,山口県山口市秋穂二島5990,山口県,山口市,秋穂二島,5990,,34.03793269,131.4228435,,,１階玄関ホール,(083)987-2059,,,,,,,,月火水木金土日,8:30,22:00,12/29から翌年1/3までは休館,有,https://www.city.yamaguchi.lg.jp/soshiki/25/4286.html,,,,,,
352039,FF2099000148,山口県山口市,嘉川地域交流センター,カガワチイキコウリュウセンター,,352039,67000,山口県山口市嘉川4651-1,山口県,山口市,嘉川,4651ｰ1,,34.067774,131.369657,,,１階エントランスホール,(083)989-2018,,,,,,,,月火水木金土日,8:30,22:00,12/29から翌年1/3までは休館,有,https://www.city.yamaguchi.lg.jp/soshiki/25/4286.html,,,,,,
352039,FF2099000149,山口県山口市,佐山地域交流センター,サヤマチイキコウリュウセンター,,352039,168000,山口県山口市佐山2726-1,山口県,山口市,佐山,2726ｰ1,,34.03604651,131.359889,,,１階玄関ホール,(083)989-3525,,,,,,,,月火水木金土日,8:30,22:00,12/29から翌年1/3までは休館,有,https://www.city.yamaguchi.lg.jp/soshiki/25/4286.html,,,,,,
352039,FF2099000150,山口県山口市,小郡地域交流センター,オゴオリチイキコウリュウセンター,,352039,51000,山口県山口市小郡下郷609-1,山口県,山口市,小郡下郷,609ｰ1,,34.102449,131.392379,,,１階玄関風除室,(083)973-0638,,,,,,,,月火水木金土日,8:30,22:00,,有,,,,,,,
352039,FF2099000151,山口県山口市,秋穂地域交流センター,アイオチイキコウリュウセンター,,352039,2000,山口県山口市秋穂東6823-1,山口県,山口市,秋穂東,6823ｰ1,,34.019071,131.433237,,,１階交流ロビー,(083)984-2132,,,,,,,,,8:30,17:15,年末年始利用不可（12月28日午後5時から1月3日まで閉館）,有,,,,,,,
352039,FF2099000152,山口県山口市,阿知須総合支所・阿知須地域交流センター,アジスソウゴウシショ・アジスチイキコウリュウセンター,,352039,10000,山口県山口市阿知須2743,山口県,山口市,阿知須,2743,,34.01269,131.35929,,,２Fホワイエ（階段付近）,(0836)65-2022,,,,,,,,,8:30,22:00,,有,,,,,,,休日の8：30から17：15は日直にて対応可。
352039,FF2099000153,山口県山口市,やまぐちリフレッシュパーク,ヤマグチリフレッシュパーク,,352039,34000,山口県山口市大内長野1107,山口県,山口市,大内長野,1107,,34.15847,131.52289,,,１階受付前,0,,,,,,,,,9:00,22:00,,,,,,,,,
352039,FF2099000154,山口県山口市,山口市スポーツの森,ヤマグチシスポーツノモリ,,352039,149000,山口県山口市宮野上237,山口県,山口市,宮野上,237,,34.20754,131.50673,,,１階受付前,0,,,,,,,,,9:00,22:00,,,,,,,,,
352039,FF2099000155,山口県山口市,山口市南部運動広場,ヤマグチシナンブウンドウヒロバ,,352039,67000,山口県山口市嘉川5458-1,山口県,山口市,嘉川,5458ｰ1,,34.071167,131.385255,,,１階事務所内,0,,,,,,,,,9:00,22:00,,,,,,,,,
352039,FF2099000156,山口県山口市,やまぐちサッカー交流広場,ヤマグチサッカーコウリュウヒロバ,,352039,119000,山口県山口市徳地船路890,山口県,山口市,徳地船路,890,,34.237358,131.65417,,,１階受付前,0,,,,,,,,,9:00,22:00,,,,,,,,,
352039,FF2099000157,山口県山口市,山口南総合センター,ヤマグチミナミソウゴウセンター,,352039,131000,山口県山口市名田島1218-1,山口県,山口市,名田島,1218ｰ1,,34.084444,131.412175,,,１階受付横,(083)972-8333,,,,,,,,火水木金土日,9:00,22:00,月曜日（月曜日が祝祭日の際はその翌日以降の平日）、年末年始は休館のため利用不可,無,https://www.y-nanso.com/,,,,,,
352039,FF2099000158,山口県山口市,山口市大海総合センター,ヤマグチシオオミソウゴウセンター,,352039,2000,山口県山口市秋穂東1130-5,山口県,山口市,秋穂東,1130ｰ5,,34.02974,131.46506,,,１階エントランス,(083)984-2053,,,,,,,,,8:30,22:00,年末年始利用不可（12月28日午後5時から1月3日まで閉館）,有,,,,,,,
352039,FF2099000159,山口県山口市,山口市小郡文化体育館,ヤマグチシオゴオリブンカタイイクカン,,352039,51000,山口県山口市小郡下郷1440-1,山口県,山口市,小郡下郷,1440ｰ1,,34.102074,131.401575,,,１階体育館入口,0,,,,,,,,,8:30,22:00,,,,,,,,,
352039,FF2099000160,山口県山口市,亀山公園管理事務所,カメヤマコウエンカンリジムショ,,352039,725,山口県山口市中河原73-1,山口県,山口市,中河原,73ｰ1,,34.18024619,131.4755727,,,１階管理事務所内,(083)923-6759,,,,,,,,月火水木金土日,9:00,21:00,年末年始利用不可（12月29日から1月3日まで閉館）,有,,,,,,,
352039,FF2099000161,山口県山口市,山口市小郡屋内プール,ヤマグチシオゴオリオクナイプール,,352039,51000,山口県山口市小郡下郷221-4,山口県,山口市,小郡下郷,221ｰ4,,34.109395,131.403542,,,１階受付前,0,,,,,,,,,10:00,21:00,,,,,,,,,
352039,FF2099000162,山口県山口市,あすなろ第１教室,アスナロダイイチキョウシツ,,352039,56000,山口県山口市小郡平砂町4ｰ1,山口県,山口市,小郡平砂町,4ｰ1,,34.0888713,131.392799,,,１階玄関,(083)973-6257,,,,,,,,月火水木金,9:30,15:15,土、日曜日、祝祭日、臨時休校日は利用不可。,,,,,,,,
352039,FF2099000163,山口県山口市,山口市阿知須体育センター,ヤマグチシアジスタイイクセンター,,352039,10000,山口県山口市阿知須2751,山口県,山口市,阿知須,2751,,34.00256,131.33099,,,１階入口壁横,,,,,,,,,,8:30,22:00,,,,,,,,,
352039,FF2099000164,山口県山口市,あすなろ第２教室,アスナロダイニキョウシツ,,352039,9002,山口県山口市旭通り二丁目6ｰ11,山口県,山口市,旭通り二丁目,6ｰ11,,34.1675616,131.4731952,,,１階職員室,(083)932-3084,,,,,,,,月火水木金,9:30,15:15,土、日曜日、祝祭日、臨時休校日は利用不可。,,,,,,,,
352039,FF2099000165,山口県山口市,山口市徳地体育館,ヤマグチシトクヂタイイクカン,,352039,120000,山口県山口市徳地堀1537,山口県,山口市,徳地堀,1537,,34.189344,131.661196,,,１階事務所横（アリーナ側）,(0835)52-0217,,,,,,,,,8:30,22:00,,,,,,,,,
352039,FF2099000166,山口県山口市,なかいち学級,ナカイチガッキュウ,,352039,126000,山口県山口市中市町3-8,山口県,山口市,中市町,3ｰ8,,34.17799,131.4793,,,２階教室テレビ横,083-902-7510,,,,,,,,月火水木金土,14:00,18:00,"土曜日、長期休業期間は朝８時から開所。
日曜日、祝祭日、年末年始は利用不可。",有,,,,,,,
352039,FF2099000167,山口県山口市,山口ふれあい館,ヤマグチフレアイヤカタ,,352039,149000,山口県山口市宮野上1222,山口県,山口市,宮野上,1222,,34.21947802,131.5129744,,,１階エントランス奥２階共用通路,(083)923-3351,,,,,,,,火水木金土日,9:00,19:00,温泉利用時間は10:20-18:00(6月-8月は10:20ｰ19:00)、月曜日（月曜日が祝祭日の際はその翌日以降の平日）祝祭日翌日、年末年始は休館のため利用不可,有,https://www.fureaiyakata.com/,,,,,,
352039,FF2099000168,山口県山口市,山口総合支所,ヤマグチソウゴウシショ,,352039,73000,山口県山口市亀山町2-1,山口県,山口市,亀山町,2ｰ1,,34.178517,131.473805,,,1階総合案内前,(083)934-2731,,,,,,,,月火水木金,8:30,17:15,土、日曜日、祝祭日、年末年始を除く。,有,,,,,,,
352039,FF2099000169,山口県山口市,小郡総合支所,オゴオリソウゴウシショ,,352039,51000,山口県山口市小郡下郷609-1,山口県,山口市,小郡下郷,609ｰ1,,34.102449,131.392379,,,1階正面玄関前（授乳室前）,(083)-973-8162,,,,,,,,,8:30,17:15,,有,,,,,,,
352039,FF2099000170,山口県山口市,秋穂総合支所,アイオソウゴウシショ,,352039,2000,山口県山口市秋穂東6570,山口県,山口市,秋穂東,6570,,34.01518,131.43942,,,2階市民ホール,(083)-984-2121,,,,,,,,月火水木金,8:30,17:15,祝日及び年末年始（12月29日から1月3日まで)は利用不可。,有,,,,,,,
352039,FF2099000171,山口県山口市,阿知須総合支所・阿知須地域交流センター,アジスソウゴウシショ・アジスチイキコウリュウセンター,,352039,10000,山口県山口市阿知須2743,山口県,山口市,阿知須,2743,,34.01267,131.35882,,,正面玄関付近,(0836)65-4111,,,,,,,,月火水木金,8:30,17:15,祝日及び年末年始（12月29日から1月3日まで)は利用不可,有,,,,,,,休日の8：30から17：15は日直にて対応可。
352039,FF2099000172,山口県山口市,徳地総合支所,トクヂソウゴウシショ,,352039,120000,山口県山口市徳地堀1561ｰ1,山口県,山口市,徳地堀,1561ｰ1,,34.190584,131.66064,,,1階セントラルロビー,(0835)52-1112,,,,,,,,,8:30,17:15,,有,,,,,,,
352039,FF2099000173,山口県山口市,阿東総合支所,アトウソウゴウシショ,,352039,22000,山口県山口市阿東徳佐中3417-2,山口県,山口市,阿東徳佐中,3417ｰ2,,34.397129,131.720745,,,1階玄関ホール,(083)956-0998,,,,,,,,,8:30,17:15,,,,,,,,,
352039,FF2099000174,山口県山口市,河原谷公園事務所,カワラダニコウエンジムショ,,352039,168000,山口県山口市佐山字村山,山口県,山口市,佐山,字村山,,34.043061,131.323316,,,１階公園事務所内,(083)989-6804,,,,,,,,月火水木金土日,9:00,17:00,年末年始利用不可（12月29日から1月3日まで閉館）,無,,,,,,,
352039,FF2099000175,山口県山口市,願成就温泉センター,ガンジョウジュオンセンセンター,,352039,20000,山口県山口市阿東徳佐上10002-116,山口県,山口市,阿東徳佐上,10002ｰ116,,34.434356,131.770366,,,１階遊湯館事務室,(083)957-0118,,,,,,,,,9:00,20:30,定休日：第３水曜日,,https://www.ganjojuonsen.com/,,,,,,
352039,FF2099000176,山口県山口市,十種ヶ峰ウッドパーク,トクサガミネウッドパーク,,352039,15000,山口県山口市阿東嘉年下11505-1,山口県,山口市,阿東嘉年下,11505ｰ1,,34.452138,131.696037,,,１階管理棟,(083)958-0809,,,,,,,,,9:00,16:00,定休日：毎週火曜日,,http://www.woodpark.jp/,,,,,,
352039,FF2099000177,山口県山口市,重源の郷体験交流公園,チョウゲンノサトタイケンコウリュウコウエン,,352039,117000,山口県山口市徳地深谷1137,山口県,山口市,徳地深谷,1137,,34.215741,131.702159,,,１階花ひとえ事務室,(0835)52-1250,,,,,,,,月火木金土日,9:30,17:00,リニューアル工事の為、休園中。再開は、令和6年度末を予定しています。,,http://chogen.co.jp/,,,,,,
352039,FF2099000178,山口県山口市,大原湖キャンプ場,オオハラコキャンプジョウ,,352039,115000,山口県山口市徳地野谷605,山口県,山口市,徳地野谷,605,,34.298028,131.683413,,,１階管理棟,(0835)58-0200,,,,,,,,月火水木金土日,8:30,16:00,12月29日から1月3日まで休場,,http://www.c-able.ne.jp/~oharako/,,,,,,
352039,FF2099000179,山口県山口市,山口勤労者総合福祉センター,ヤマグチキンロウシャソウゴウフクシセンター,,352039,155005,山口県山口市湯田温泉五丁目5-22,山口県,山口市,湯田温泉五丁目,5ｰ22,,34.168414,131.45616,,,1階事務室内,(083)933-0001,,,,,,,,火水木金土日,9:00,22:00,12月29日から1月3日を除く,有,http://www.sunfresh.jp/,,,,,,
352039,FF2099000180,山口県山口市,山口市働く婦人の家,ヤマグチシハタラクフジンノイエ,,352039,155005,山口県山口市湯田温泉五丁目1-1,山口県,山口市,湯田温泉五丁目,1ｰ1,,34.168168,131.457647,,,1階事務室前,(083)921-1929,,,,,,,,8月14～16日、12月29日～1月5日を除く日,8:00,21:00,,有,http://www.y-caliente.jp/,,,,,,
352039,FF2099000181,山口県山口市,山口ふるさと伝承総合センター,ヤマグチフルサトデンショウソウゴウセンター,,352039,91000,山口県山口市下竪小路12,山口県,山口市,下竪小路,12,,34.18402,131.47815,,,１階風除室（玄関）,(083)928-3333,,,,,,,,8月14日～16日、12月29日～1月5日を除く日,9:00,17:00,,有,http://y-densho.sblo.jp/,,,,,,
352039,FF2099000182,山口県山口市,"道の駅仁保の郷（山口市地域特産物販売促進センター）",ミチノエキニホノサト（ヤマグチシチイキトクサンブツハンバイソクシンセンター）,,352039,136000,山口県山口市仁保中郷1034,山口県,山口市,仁保中郷,1034,,34.211073,131.559435,,,１階トイレ前,(083)929-0480,,,,,,,,月火木金土日,8:30,17:00,毎週水曜日、12月31日から1月2日まで,有,https://www.nihonosato.com/,,,,,,
352039,FF2099000183,山口県山口市,"山口森林ふれあいセンター",ヤマグチシンリンフレアイセンター,,352039,34000,山口県山口市大内長野1978,山口県,山口市,大内長野,1978,,34.16652,131.5125,,,１階玄関,(083)927-2039,,,,,753-0211,,,月火水木金土,9:00,17:00,日、祝日、8月13日ｰ16日、年末年始(12月29日から1月5日)は休日,有,,,,,,,
352039,FF2099000184,山口県山口市,道の駅長門峡（阿東総合交流ターミナル）,ミチノエキチョウモンキョウ（アトウソウゴウコウリュウターミナル）,,352039,13000,山口県山口市阿東生雲東分47-1,山口県,山口市,阿東生雲東分,47ｰ1,,34.30315,131.576268,,,１階インフォメーション,(083)955-0777,,,,,,,,月火水木金土日,9:30,18:00,【定休日】原則第2・4火曜日（8月第4火曜日　11月定休日なし）,有,,,,,,,
352039,FF2099000185,山口県山口市,阿東ふるさと交流促進センター,アトウフルサトコウリュウソクシンセンター,,352039,22000,山口県山口市阿東徳佐中3628,山口県,山口市,阿東徳佐中,3628,,34.39967,131.72566,,,１階ロビー,(083)959-2526,,,,,,,,,9:00,18:00,,有,,,,,,,
352039,FF2099000186,山口県山口市,道の駅きららあじす,ミチノエキキララアジス,,352039,10000,山口県山口市阿知須10509-88,山口県,山口市,阿知須,10509ｰ88,,34.0127247,131.3695451,,,１Ｆホール,(0836)66-1001,,,,,,,,月火水木金土日,8:30,18:00,3月・6月・9月・12月の第2火曜日、1月1日,有,https://kiraraajisu.jp/,,,,,,
352039,FF2099000187,山口県山口市,道の駅あいお,ミチノエキアイオ,,352039,2000,山口県山口市秋穂東1520-4,山口県,山口市,秋穂東,1520ｰ4,,34.028812,131.457272,,,１階展示販売施設,(083)984-5704,,,,,,,,月火水木金土日,9:00,18:00,【定休日】第2・第4水曜日（但し祝日の場合は営業）、年末年始,有,https://michinoeki-aio.com,,,,,,
352039,FF2099000188,山口県山口市,山口市仁保斎場,ヤマグチシニホサイジョウ,,352039,135000,山口県山口市仁保下郷10035-1,山口県,山口市,仁保下郷,10035ｰ1,,34.200331,131.770366,,,１階事務室,(083)929-0990,,,,,753-0303,,,月火水木金土日,8:30,17:15,1月1日は休日,有,,,,,,,
352039,FF2099000189,山口県山口市,"山口市嘉川斎場（浄明苑）",ヤマグチシカガワサイジョウ（ジョウミョウエン）,,352039,67000,山口県山口市嘉川5500,山口県,山口市,嘉川,5500,,34.07284,131.38972,,,１階正面玄関付近,(083)989-4969,,,,,754-0897,,,月火水木金土日,8:30,17:15,1月1日は休日,有,,,,,,,
352039,FF2099000190,山口県山口市,山口市徳地斎場,ヤマグチシトクヂサイジョウ,,352039,115000,山口県山口市徳地野谷10032-5,山口県,山口市,徳地野谷,10032ｰ5,,34.269827,131.647158,,,１階エントランス,(0835)56-0690,,,,,747-0401,,,月火水木金土日,8:30,17:15,1月1日は休日,有,,,,,,,
352039,FF2099000191,山口県山口市,山口市阿東火葬場,ヤマグチシアトウカソウジョウ,,352039,18000,山口県山口市阿東地福下12112,山口県,山口市,阿東地福下,12112,,34.351369,131.638862,,,１階待合室,(083)952-0817,,,,,759-1422,,,月火水木金土日,8:30,17:15,1月1日は休日,有,,,,,,,
352039,FF2099000192,山口県山口市,山口市阿知須合同納骨塔,ヤマグチシアジスゴウドウノウコツトウ,,352039,10000,山口県山口市阿知須10649-1,山口県,山口市,阿知須,10649ｰ1,,34.004165,131.349446,,,１階管理事務所,(0836)65-5169,,,,,,,,月火水木金土日,8:30,17:15,,有,,,,,,,
352039,FF2099000193,山口県山口市,山口隣保館別館,ヤマグチリンポカンベッカン,,352039,86000,山口県山口市三和町13-19,山口県,山口市,三和町,13ｰ19,,34.16653,131.46881,,,１階玄関,(083)-922-7055,,,,,,,,月火水木金土日,8:30,22:00,年末年始は休館。貸館使用時のみ利用可,無,,,,,,,
352039,FF2099000194,山口県山口市,陶隣保館,スエリンポカン,,352039,95000,山口県山口市陶4713-1,山口県,山口市,陶,4713ｰ1,,34.09706,131.412229,,,１階玄関ホール,(083)972-6170,,,,,,,,月火水木金,8:30,17:15,祝日及び年末年始(12/29～1/3)は利用不可。,有,,,,,,,
352039,FF2099000195,山口県山口市,山口市男女共同参画センター,ヤマグチシダンジョキョウドウサンカクセンター,,352039,103002,山口県山口市中央二丁目5-1,山口県,山口市,中央二丁目,5ｰ1,,34.177196,131.474199,,,２階ロビー,(083)934-2841,,,,,,,,火水木金土日,9:00,21:00,土日は9:00-17:00。月、祝日、年末年始(12月29日から1月3日)は休日,有,https://www.city.yamaguchi.lg.jp/site/djc/,,,,,,
352039,FF2099000196,山口県山口市,山口市清掃工場,ヤマグチシセイソウコウジョウ,,352039,178000,山口県山口市大内御堀496,山口県,山口市,大内御堀,496,,34.17165,131.50763,,,２階管理棟事務室受付前,(083)927-0020,,,,,,,,月火水木金,8:30,17:15,,有,,,,,,,
352039,FF2099000197,山口県山口市,山口市不燃物中間処理センター,ヤマグチシフネンブツチュウカンショリセンター,,352039,150000,山口県山口市宮野下11782-1,山口県,山口市,宮野下,11782ｰ1,,34.17568,131.504488,,,１階管理棟事務室受付前,(083)941-0051,,,,,,,,月火水木金土,8:30,17:00,土曜日は8時30分から12時まで利用可,有,,,,,,,
352039,FF2099000198,山口県山口市,山口市リサイクルプラザ,ヤマグチシリサイクルプラザ,,352039,178000,山口県山口市大内御堀10489-8,山口県,山口市,大内御堀,10489ｰ8,,34.174874,131.505298,,,１階本館階段横,(083)927-7122,,,,,,,,,9:00,17:00,休館日は毎週月曜日(祝日除く)と祝日の翌日(日曜日除く)。,無,http://www.c-able.ne.jp/~ymgplaza/,,,,,,
352039,FF2099000199,山口県山口市,山口市民会館,ヤマグチシミンカイカン,,352039,103002,山口県山口市中央二丁目5-1,山口県,山口市,中央二丁目,5ｰ1,,34.177196,131.474199,,,１階エントランスホール,(083)923-1000,,,,,,,,年末年始以外,8:30,17:15,夜間貸館利用時は最大22時まで利用可。,有,http://yamaguchi-civichall.com/,,,,,,
352039,FF2099000200,山口県山口市,山口情報芸術センター,ヤマグチジョウホウゲイジュツセンター,,352039,130000,山口県山口市中園町7-7,山口県,山口市,中園町,7ｰ7,,34.169425,131.467059,,,１階情報芸術センターコミュニティスペース,(083)901-2222,,,,,,,,月水木金土日,10:00,20:00,夜間ｲﾍﾞﾝﾄ開催時は22時まで利用可。※火曜日が祝日の場合は翌日、年末年始を除く,有,https://www.ycam.jp/,,,,,,
352039,FF2099000201,山口県山口市,クリエイティブ・スペース赤れんが,クリエイティブスペースアカレンガ,,352039,725,山口県山口市中河原5-12,山口県,山口市,中河原,5ｰ12,,34.179758,131.477785,,,１階ロビー（中庭側）,(083)928-6666,,,,,,,,火水木金土日,9:00,17:00,夜間ｲﾍﾞﾝﾄ開催時は22時まで利用可。※月曜日が祝日の場合は翌日、年末年始を除く,有,https://www.akarenga.justhpbs.jp,,,,,,
352039,FF2099000202,山口県山口市,中原中也記念館,ナカハラチュウヤキネンカン,,352039,155001,山口県山口市湯田温泉一丁目11-21,山口県,山口市,湯田温泉一丁目,11ｰ21,,34.164765,131.457812,,,１階エントランス入口（風除室）,(083)932-6430,,,,,,,,火水木金土日,9:00,17:00,5～10月までは9時から18時まで利用可。※月曜日が祝日の場合は翌日、毎月最終火曜日、年末年始、その他展示替え期間などの臨時休館日を除く,有,https://www.chuyakan.jp,,,,,,
352039,FF2099000203,山口県山口市,山口市菜香亭,ヤマグチシサイコウテイ,,352039,104001,山口県山口市天花一丁目2-7,山口県,山口市,天花一丁目,2ｰ7,,34.188059,131.480043,,,１階玄関,(083)934-3312,,,,,,,,月水木金土日,9:00,17:00,夜間貸館利用時は最大22時まで利用可。※火曜が祝日の場合は祝祭日でない次の平日、年末年始を除く,有,https://saikoutei.jp,,,,,,
352039,FF2099000204,山口県山口市,嘉村礒多生家　帰郷庵,カムライソタセイカキキョウアン,,352039,134000,山口県山口市仁保上郷2397-1,山口県,山口市,仁保上郷,2397ｰ1,,34.255233,131.608027,,,１階土間（かまど横）,(083)929-0433,,,,,,,,年末年始以外,9:00,17:00,古民家体験利用時は13時から翌11:00まで利用可。,無,http://kamura-isota.jp/,,,,,,
352039,FF2099000205,山口県山口市,国民宿舎　秋穂荘,コクミンシュクシャアイオソウ,,352039,2000,山口県山口市秋穂東10768ｰ13,山口県,山口市,秋穂東,10768ｰ13,,33.993405,131.435795,,,１階フロント付近,(083)984-2201,,,,,,,,月火水木金土日,,,,,http://www.aioso.com/,,,,,,
352039,FF2099000206,山口県山口市,山口市立上郷小学校,ヤマグチシリツカミゴウショウガッコウ,,352039,63002,山口県山口市小郡みらい町二丁目14-1,山口県,山口市,小郡みらい町二丁目,14ｰ1,,34.121557,131.39811,,,１階図書館入口,(083)973-3120,,,,,,,,,,,,,,,,,,,
352039,FF2099000208,山口県山口市,山口総合支所別館,ヤマグチソウゴウシショベッカン,,352039,103005,山口県山口市中央五丁目14-22,山口県,山口市,中央五丁目,14ｰ22,,34.170687,131.469169,,,１階玄関ロビー,(083)934-2859,,,,,,,,月火水木金,8:30,17:15,土、日曜日、祝祭日、年末年始を除く。,有,,,,,,,
352039,FF2099000209,山口県山口市,徳地地域交流センター,トクヂチイキコウリュウセンター,,352039,120000,山口県山口市徳地堀1561-1,山口県,山口市,徳地堀,1561ｰ1,,34.190584,131.660637,,,２階エレベーター前,(0835)52-0217,,,,,,,,,8:30,17:15,,,,,,,,,
352039,FF2099000210,山口県山口市,山口市島地温泉ふれあいセンター,ヤマグチシシマジオンセンフレアイセンター,,352039,114000,山口県山口市徳地島地2102-4,山口県,山口市,徳地島地,2102ｰ4,,34.159222,131.7028,,,１階風除室,(0835)54-4545,,,,,,,,月火木金土日,10:00,20:00,水曜日休館（祝日の場合は翌営業日）12/29～翌年1/3は休館,有,https://www.city.yamaguchi.lg.jp/map/7187.html,,,,,,
352039,FF2099000211,山口県山口市,湯田温泉観光案内所,ユダオンセンカンコウアンナイショ,,352039,155002,山口県山口市湯田温泉二丁目1-23,山口県,山口市,湯田温泉二丁目,1ｰ23,,34.16434,131.456839,,,１階カウンター付近,(083)901-0150,,,,,,,,月火水木金土日,9:00,18:00,,,,,,,,,
352039,FF2099000212,山口県山口市,香山公園前観光案内所,コウザンコウエンマエカンコウアンナイショ,,352039,80000,山口県山口市香山町6-11,山口県,山口市,香山町,6ｰ11,,34.18918,131.473783,,,１階カウンター付近,(083)934-6630,,,,,,,,月火水木金土日,9:00,18:00,,,,,,,,,
352039,FF2099000213,山口県山口市,湯田温泉観光回遊拠点施設狐の足あと,ユダオンセンカンコウカイユウキョテンシセツキツネノアシアト,,352039,155002,山口県山口市湯田温泉二丁目1-3,山口県,山口市,湯田温泉二丁目,1ｰ3,,34.164439,131.45738,,,１階事務室,(083)921-8818,,,,,,,,月火水木金土日,8:00,22:00,,,http://www.yuda-onsen.jp/,,,,,,
352039,FF2099000214,山口県山口市,新山口駅観光交流センター,シンヤマグチエキカンコウコウリュウセンター,,352039,180001,山口県山口市小郡令和一丁目2ｰ6,山口県,山口市,小郡令和一丁目,2ｰ6,,34.094223,131.395646,,,２階カウンター付近,(083)902-0037,,,,,,,,月火水木金土日,9:00,18:00,,,,,,,,,
352039,FF2099000215,山口県山口市,新山口駅南北自由通路,シンヤマグチエキナンボクジユウツウロ,,352039,180001,山口県山口市小郡令和一丁目1291ｰ14,山口県,山口市,小郡令和一丁目,1291ｰ14,,34.094223,131.395646,,,３階南北自由通路,0,,,,,,,,月火水木金土日,,,,無,,,,,,,
352039,FF2099000216,山口県山口市,山口市徳地高齢者・若者活性化センター,ヤマグチシトクヂコウレイシャ・ワカモノカッセイカセンター,,352039,120000,山口県山口市徳地堀1565-1,山口県,山口市,徳地堀,1565ｰ1,,34.190589,131.659651,,,1階カウンター付近,(0835)52-1772,,,,,,,,月火水木金土日,9:00,18:00,年末年始(12月31日から1月5日)は休日,,"https://www.city.yamaguchi.lg.jp/map/53476.html
https://www.facebook.com/1092nandaimon/",,,,,,https://www.facebook.com/1092nandaimon/
352039,FF2099000217,山口県山口市,森林セラピー山口,シンリンセラピーヤマグチ,,352039,115000,山口県山口市徳地野谷1842,山口県,山口市,徳地野谷,1842,,34.290458,131.651061,,,1階廊下,(0835)56-5234,,,,,,,,月火水木金,8:30,17:15,原則として土日、祝日、年末年始は休館。,,http://www.shinrin-therapy-yamaguchi.jp/,,,,,,
352039,FF2099000218,山口県山口市,十朋亭維新館,ジッポウテイイシンカン,,352039,91000,山口県山口市下竪小路112,山口県,山口市,下竪小路,112,,34.1821,131.47978,,,本館１階玄関,(083)902-1688,,,,,,,,月水木金土日,9:00,17:00,火曜が祝日の場合は祝祭日でない次の平日、年末年始を除く,無,https://jippotei-ishinkan.jp/,,,,,,
352039,FF2099000219,山口県山口市,産業交流拠点施設,サンギョウコウリュウキョテンシセツ,,352039,180001,山口県山口市小郡令和一丁目1ｰ1,山口県,山口市,小郡令和一丁目,1ｰ1,,34.093063,131.394306,,,１階ホール受付前,(083)-902-6727,,,,,,,,月火水木金土日,9:00,22:00,第２・４火曜日、年末年始　休館,,,,,,,,
352039,FF2099000220,山口県山口市,やまぐち子育て福祉総合センター,ヤマグチコソダテフクシソウゴウセンター,,352039,9001,山口県山口市旭通り一丁目6-19,山口県,山口市,旭通り一丁目,6ｰ19,,34.168632,131.47116,,,2階事務室,(083)922-0855,,,,,,,,月火水木金,8:30,17:15,土、日曜日、祝日、年末年始は利用不可。,有,,,,,,,